species,F.cm.maxSVL/CL,M.cm.maxSVL/CL,dataset,Notes for exception
Acanthochelys_pallidipectoris,23.5,20.75,Rhodin et al. 1990,
Acanthochelys_radiolata,19.55,17.85,Mocelin et al. 2008,
Acanthophis_antarcticus,43.9,57.9,Greer 1997,
Acanthophis_laevis,43.9,57.9,Greer 1997,
Acanthophis_pyrrhus,43.9,57.9,Greer 1997,
Acanthophis_rugosus,43.9,57.9,Greer 1997,
Acrantophis_madagascariensis,180,300.5,O'Shea 2007,
Agkistrodon_contortrix,66,76,Carey and Judge 2002,
Agkistrodon_taylori,67,96,Carey and Judge 2002,
Amphiesma_stolatum,70,60,Inger et al. 1990,
Anilios_wiedii,23.5,19.6,Greer 1997,
Antaioserpens_warro,29,33.5,De Magalhaes and Costa 2009,
Antaresia_childreni,68.8,71.8,De Magalhaes and Costa 2009,
Antaresia_perthensis,44.9,47.3,De Magalhaes and Costa 2009,
Apalone_ferox,55.1425,29.8625,Meylan and Moler 2006,
Apalone_mutica,35.425,20.9425,Ernst  and Lovich 2009,
Aspidites_melanocephalus,156.1,159.3,Greer 1997,
Aspidites_ramsayi,152.15,158.8,Greer 1997,
Aspidomorphus_lineaticollis,41.3,35,Greer 1997,
Aspidomorphus_muelleri,52.55,53.1,Greer 1997,
Aspidomorphus_schlegelii,50.8,35.9,Greer 1997,
Astrochelys_yniphora,43.05,46.62,Leuteritz 2008,
Austrelaps_labialis,48.4,42.7,Greer 1997,
Austrelaps_ramsayi,73.85,64.1,Greer 1997,
Austrelaps_superbus,78.1,69.7,Greer 1997,
Brachyurophis_australis,22.7,27.5,Greer 1997,
Brachyurophis_fasciolatus,25.8,29.4,Greer 1997,
Brachyurophis_incinctus,24.8,23.3,Greer 1997,
Brachyurophis_roperi,25.5,28.2,Greer 1997,
Brachyurophis_semifasciatus,24.2,27.1,Greer 1997,
Cacophis_harriettae,31.6,42.25,Greer 1997,
Cacophis_krefftii,26.1,29.85,Greer 1997,
Cacophis_squamulosus,39.1,50.65,Greer 1997,
Centrochelys_sulcata,57.8,93.5,Petrozzi et al. 2018,
Chelodina_longicollis,26.2,22.375,Kennett et al. 2010,
Chelodina_parkeri,33.86666667,27.1,Kennett et al. 2014,
Chelodina_reimanni,21.06666667,17.3,Artner 1995,
Deirochelys_reticularia,23.7,16.13333333,Carr 1952,
Demansia_calodera,45.9,42.9,Greer 1997,
Demansia_olivacea,45.9,42.9,Greer 1997,
Demansia_papuensis,71.05,70.2,Greer 1997,
Demansia_psammophis,57,52.45,Greer 1997,
Demansia_torquata,55.6,52,Greer 1997,
Demansia_vestigiata,75.8,65.5,Greer 1997,
Dendrelaphis_punctulatus,82.85,97.8,Bennett 1986,
Drysdalia_coronoides,27.2,30.1,Greer 1997,
Drysdalia_mastersii,22.1,22.7,Greer 1997,
Drysdalia_rhodogaster,30.4,30.9,Greer 1997,
Fordonia_leucobalia,49.1,51.2,"Bennett 1986, Greer 1997 ",
Furina_barnardi,28.8,44,Greer 1997,
Furina_diadema,24.3,27.05,Greer 1997,
Furina_ornata,29.1,36.5,Greer 1997,
Furina_tristis,60.9,58.4,Greer 1997,
Gloydius_liupanensis,94,64,Carey and Judge 2002,
Gloydius_strauchi,61,57.9,Carey and Judge 2002,
Glyptemys_insculpta,20.75,22.85,Bowen & Gillingham 2004,
Glyptemys_muhlenbergii,9.533333333,10.56666667,Bloomer 2004,
Graptemys_barbouri,31.925,13.25,Roger 1975,
Graptemys_caglei,19.83333333,11.73333333,Powell et al. 2016,
Graptemys_ernsti,28.5,13.06666667,van Dijk 2016,
Graptemys_flavimaculata,20.275,11.575,van Dijk 2016,
Graptemys_geographica,27.22,15.28,Ernst Lovich 2009,
Graptemys_nigrinoda,21.35,11.6,van Dijk 2016,
Graptemys_oculifera,21.7,10.36666667,Conant 1975,
Graptemys_ouachitensis,25.25,14.5,Smith and Brodie 1982,
Graptemys_pulchra,28.7,16.05,Baurv 1893,
Graptemys_sabinensis,18.66666667,11.06666667,Lindeman 2013,
Graptemys_versa,19.15,10.6, Conant  1975,
Hemiaspis_damelii,40.2,43.2,Greer 1997,
Hemiaspis_signata,40.85,37.55,Greer 1997,
Kinosternon_alamosae,11.6,12.608, Iverson 1989,
Kinosternon_stejnegeri,16.715,18.115,Iverson 1989,
Laticauda_colubrina,125,127,Carey and Judge 2002,
Leiopython_albertisii,165.625,161.95,Carey and Judge 2002,
Liasis_fuscus,130.5,147.1,Greer 1997,
Liasis_olivaceus,175.9,190.1,Greer 1997,
Lissemys_punctata,28.9375,26.675,Ernst et al. 2007,
Lycodon_liuchengchaoi,15.2,61.5,Carey and Judge 2002,
Lycodon_rufozonatus,24.7,13.8,Carey and Judge 2002,
Malaclemys_terrapin,22.914,14.652,Davenport 1992,
Mauremys_nigricans,28.43333333,18.9,Anders 2012,
Mauremys_rivulata,21.83333333,20.56666667,Rifal & Amr 2004,
Micropechis_ikaheca,106.25,106.7,Greer 1997,
Morelia_bredli,165.5,190,Powell et al. 2016,
Morenia_petersi,22.73333333,16.93333333,Rhodin et al 2015,
Myron_richardsonii,26.1,31,Rhodin et al 2015,
Myuchelys_bellii,30,22.7,De Magalhaes and Costa 2009,
Myuchelys_georgesi,24,19.85,Rhodin et al 2015,
Myuchelys_latisternum,28.4,20.2,Cann et al. 2015,
Notechis_scutatus,89.35,80.8,Rhodin et al 2015,
Ophiophagus_hannah,570,205.5,Greer 1997,
Ovophis_makazayazaya,98,73,Meyers et al. 2009,
Ovophis_monticola,103,49,Meyers et al. 2009,
Ovophis_tonkinensis,65,55.2,Meyers et al. 2009,
Ovophis_zayuensis,11,68,De Magalhaes and Costa 2009,
Palea_steindachneri,44.5,36,Meyers et al. 2009,
Pelodiscus_sinensis,33,27,Gong et al. 2022,
Podocnemis_lewyana,45.66666667,34.33333333,Rivas 2015,
Pseudechis_australis,129.7,103.4,Meyers et al. 2009,
Pseudechis_butleri,103.6,92.5,Greer 1997,
Pseudechis_colletti,131.7,124.2,Greer 1997,
Pseudechis_guttatus,117.4,110.7,Greer 1997,
Pseudechis_papuanus,119.5,115.9,Meyers et al. 2009,
Pseudechis_porphyriacus,106,92.8,Greer 1997,
Pseudemys_alabamensis,35.125,29.625,Burbidge et al. 2010,
Pseudemys_concinna,39.9825,31.32,Baur 1893,
Pseudemys_nelsoni,34.825,28.1,Meyers et al. 2009,
Pseudoferania_polylepis,52.6,63.5,Rhodin 2011,
Pseudonaja_affinis,108.5,108.8,Rhodin 2011,
Pseudonaja_guttata,67.9,70.7,Rhodin 2011,
Pseudonaja_inframacula,108.5,101.8,Greer 1997,
Pseudonaja_ingrami,120.3,122.6,Greer 1997,
Pseudonaja_modesta,34.9,39.9,Rhodin 2011,
Pseudonaja_textilis,110.1,101.8,Rhodin 2011,
Rhinemys_rufipes,25.4,21.96666667,Greer 1997,
Rhinoclemmys_punctularia,21.614,18.96666667,Ernst 1978,
Rhinoclemmys_rubida,18.16333333,17.24333333,Wariss et al. 2012,
Rhinoplocephalus_bicolor,34.6,32.8,Rhodin 2011,
Simalia_amethistina,250.85,286.25,Rhodin 2011,
Simoselaps_anomalus,16.6,18.2,Franca et al. 2008,
Simoselaps_bertholdi,18.3,20.8,Greer 1997,
Sinomicrurus_kelloggi,62,64.8,Rhodin 2011,
Sinomicrurus_macclellandi,68.5,63.75,Greer 1997,
Sinomicrurus_peinani,75.3,62,Greer 1997,
Sphenodon_punctatus,33.55,43,"Gill, Whitaker 1996",
Sundatyphlops_polygrammicus,36.6,28.8,Rhodin 2011,
Suta_dwyeri,31.35,28.5,Meyers et al. 2009,
Suta_flagellum,26.45,26.5,Meyers et al. 2009,
Suta_gouldii,34.3,30.3,Meyers et al. 2009,
Suta_monachus,29.85,28.3,Meyers et al. 2009,
Suta_nigriceps,34.95,32,Meyers et al. 2009,
Suta_spectabilis,29.9,26.7,Meyers et al. 2009,
Testudo_graeca,23.225,22.515,Meyers et al. 2009,
Testudo_horsfieldii,38.99,32.7,Bonin et al. 2006,
Thamnophis_sirtalis,40,50,Meyers et al. 2009,
Trachemys_dorbigni,26.66666667,23.43333333,Meyers et al. 2009,
Trachemys_scripta,29.5325,23.2075,Meyers et al. 2009,
Trachemys_terrapen,28.5,22.15,Meyers et al. 2009,
Tropidonophis_mairii,49.05,56.85,Meyers et al. 2009,
Acanthochelys_macrocephala,29.5,23.5,Rhodin et al. 2009 CBFTT,
Acanthochelys_spixii,18,17.8,Bager et al. 2016,
Chelus_fimbriata,44.35,41.2,"Dixon and Soini 1977; Rhodin, unpubl. Data",
Chelus_orinocensis,52.6,48.5,Kabisch 1997; Meier and Schaefer 2003; Barrio-Amorós and Manrique 2006; Pritchard 2008 CBFTT; Vargas-Ramírez et al. 2020,
Mesoclemmys_dahli,25.6,19.95,Forero-Medina et al. 2013 CBFTT,
Mesoclemmys_gibba,20.65,18.5,Pritchard and Trebbau 1984; Ernst et al. 2006b; Itescu et al. 2014,
Mesoclemmys_jurutiensis,22.8,17.9,Cunha et al. 2021,
Mesoclemmys_nasuta,26.8,28.35,Pritchard and Trebbau 1984; Métrailler and Le Gratiet 1996,
Mesoclemmys_perplexa,21.4,16.9,Maran 2006,
Mesoclemmys_raniceps,32.75,29.2,Brito et al. 2019,
Mesoclemmys_tuberculata,25,19.6,"Santana et al. 2016 CBFTT; Rhodin, unpubl. Data",
Mesoclemmys_vanderhaegei,27.1,25.25,Marques et al. 2014 CBFTT,
Mesoclemmys_wermuthi,33.8,23.2,"Molina et al. 2012; Rhodin and Mittermeier, unpubl. Data)",
Mesoclemmys_zuliae,27.9,20.8,Pritchard and Trebbau 1984; Ceballos et al. 2013,
Phrynops_geoffroanus,39.65,39.5,"Souza and Abe 2001; Rhodin and Mittermeier, unpubl. data",
Phrynops_hilarii,40.8,35.6,"Ernst et al. 2006b; Rhodin and Mittermeier, unpubl. Data; Bager, unpubl. Data",
Phrynops_tuberosus,32.6,28.6,Pritchard and Trebbau 1984; Ceballos et al. 2013,
Phrynops_williamsi,35.43333333,25.76666667,Rhodin et al. 1988; Ceballos et al. 2013; Bressan and Verrastro 2020,
Platemys_platycephala,16.63333333,17.6,Turtle Taxonomy Working Group 2021,
Ranacephala_hogei,34,38,"Moreira 2002; Rhodin and Mittermeier, unpubl. Data",
Hydromedusa_maximiliani,18.5,18.4,Souza and Abe 1997; Souza and Martins 2009 CBFTT,
Hydromedusa_tectifera,30.6,28.4,Bager et al. 2003; Chinen et al. 2007; Regis and Meik 2017; Alcalde et al. 2021 CBFTT,
Chelodina_canni,25.95,16.9,"Ceballos et al. 2013; Cann and Sadlier 2017; Rhodin, unpubl. Data",
Chelodina_gunaleni,23.9,16.7,McCord and Joseph-Ouni 2007a,
Chelodina_mccordi,23.7,20.1,Turtle Taxonomy Working Group 2021,
Chelodina_novaeguineae,21.8,15.1,"Rhodin and Hall, unpubl. data",
Chelodina_pritchardi,22.8,18.6,Rhodin 1994a,
Chelodina_steindachneri,21.2,17.8,Glauert 1923; Cann and Sadlier 2017,
Chelodina_burrungandjii,26.9,22.05,Thomson et al. 2011 CBFTT,
Chelodina_expansa,50,33.7,"Cann and Legler 1994; Bower and Hodges 2014 CBFTT; Rhodin, unpubl. data",
Chelodina_rugosa,31.34,26.45,Georges et al. 2006; Lyons et al. 2013; Kennett et al. 2014 CBFTT,
Chelodina_walloyarrina,31.6,26.3,Thomson et al. 2011 CBFTT,
Chelodina_oblonga,31,23.3,"Bonnet et al. 2010; Cann and Sadlier 2017; Rhodin, unpubl. data",
Elseya_branderhorsti,48.1,40.2,Georges et al. 2006; Ceballos et al. 2013,
Elseya_dentata,32.94666667,27.63333333,Cann and Sadlier 2017,
Elseya_flaviventralis,34,26.5,Thomson and Georges 2016; Joseph-Ouni et al. 2020,
Elseya_novaeguineae,25.45,20,"Rhodin, unpubl. data",
Elseya_rhodini,27.6,20.5,Thomson et al. 2015,
Elseya_albagula,41.8,28.3,Thomson et al. 2006; Hamann et al. 2008,
Elseya_irwini,35.7,23.9,Itescu et al. 2014; Cann and Sadlier 2017; Freeman et al. 2018,
Elseya_lavarackorum,35.2,24.2,Freeman et al. 2014 CBFTT; Joseph-Ouni et al. 2020,
Elusor_macrurus,33.7,40.8,Cann and Legler 1994; Limpus 2008; Cann and Sadlier 2017,
Emydura_gunaleni,18.5,14.7,Smales et al. 2019,
Emydura_macquarii,30.67666667,26.25,Turtle Taxonomy Working Group 2021,
Emydura_subglobosa,25.575,18.675,Turtle Taxonomy Working Group 2021,
Myuchelys_purvisi,22.9,17.5,Cann and Sadlier 2017,
Rheodytes_leukops,26.2,26.2,Cann and Legler 1994,
Pseudemydura_umbrina,14.2,15.05,Burbidge 1967; Cann and Legler 1994; Durrell and Keeley 2019,
Pelomedusa_barbata,20.1,21.6,Gasperetti et al. 1993; Petzold et al. 2014,
Pelomedusa_galeata,29,32.5,Boycott and Bourquin 2008 CBFTT; Petzold et al. 2014,
Pelusios_adansonii,23.8,20,Bour 2008 CBFTT,
Pelusios_bechuanicus,33,30,Ceballos et al. 2013,
Pelusios_broadleyi,14.9,17.9,Prokop 2010,
Pelusios_castaneus,28.5,22.2,Segniagbeto et al. 2015; Bour et al. 2016 CBFTT,
Pelusios_castanoides,23,19,Turtle Taxonomy Working Group 2021,
Pelusios_cupulatta,27.1,31.3,"Luiselli and Petrozzi, unpubl. data",
Pelusios_gabonensis,27.2,32,Maran 2006c; maximum estimated: 33.0 cm (Branch 2008; Itescu et al. 2014),
Pelusios_marani,22.9,27.2,Bour 2000; Maran 2006a,
Pelusios_nanus,12.2,11.1,"Laurent 1956; Bour, unpubl. Data",
Pelusios_niger,27.25,35.25,Maran 2006a; Luiselli et al. 2018 CBFTT,
Pelusios_sinuatus,47.5,35,Turtle Taxonomy Working Group 2021,
Pelusios_subniger,21,15,Turtle Taxonomy Working Group 2021,
Pelusios_williamsi,23.8,19.7,Turtle Taxonomy Working Group 2021,
Erymnochelys_madagascariensis,43,45.8,Pedrono and Smith 2013,
Peltocephalus_dumerilianus,47,50,Iverson and Vogt 2002; Ceballos et al. 2013,
Podocnemis_erythrocephala,28.35,20.35,Mittermeier et al. 2015 CBFTT,
Podocnemis_expansa,90.26666667,53.33333333,Ceballos et al. 2013; Ferrara et al. 2017,
Podocnemis_sextuberculata,32.16666667,24.5,Fachín-Terán et al. 2003; Ferrara et al. 2017; Iverson et al. 2017,
Podocnemis_unifilis,47.62666667,35.34,Barrio Amorós 2001; Ceballos et al. 2013,
Podocnemis_vogli,34.33333333,25.63333333,Ceballos et al. 2013,
Caretta_caretta,106.7666667,109.5333333,Brongersma 1972; Caldwell et al. 1959; Pritchard and Trebbau 1984; Dodd 1988,
Eretmochelys_imbricata,90.5,85.045,Witzell 1983,
Lepidochelys_kempii,73.28333333,67.2,Ernst and Lovich 2009,
Lepidochelys_olivacea,77.37666667,71,Ceballos et al. 2013,
Chelonia_mydas,132.5,111,"Carr and Hirth 1962; Hirth 1980, 1997; Sanches and Bellini 2002",
Natator_depressus,95,88.4,"Limpus 2007, unpubl. data; Whittock et al. 2014",
Dermochelys_coriacea,181.75,197.25,Eckert and Luginbuhl 1988; Márquez 1990,
Chelydra_acutirostris,35.15,41,Medem 1977; Ceballos et al. 2013; Young-Valencia et al. 2014,
Chelydra_rossignonii,33,47,Legler and Vogt 2013,
Chelydra_serpentina,38.01,47.62666667,Gerholdt and Oldfield 1987; Pritchard 1989; Iverson et al. 1997; Johnston et al. 2012,
Macrochelys_suwanniensis,49.2,80,Pritchard 1980; Johnston et al. 2015,
Macrochelys_temminckii,51.6,66.51,Pritchard 1989; Boundy and Kennedy 2006,
Dermatemys_mawii,54.15,45.6,Vogt et al. 2011 CBFTT; Legler and Vogt 2013,
Kinosternon_abaxillare,15.7,15.8,"Iverson 2008, 2010; Legler and Vogt 2013; Reyes-Grajales et al. 2021",
Kinosternon_acutum,11.85333333,10.52333333,Iverson and Vogt 2011 CBFTT; Ceballos et al. 2013,
Kinosternon_angustipons,12,11.5,Legler 1965; Acuña-Mesén 1993; Ceballos et al. 2013,
Kinosternon_baurii,10.9125,10.1575,Pritchard 1980; Mitchell 1994; Ewert and Jackson 2005; Wilson et al. 2006; Ceballos et al. 2013,
Kinosternon_chimalhuaca,12.26,14.93,Berry et al. 1997; Legler and Vogt 2013,
Kinosternon_creaseri,11.91333333,12.49666667,Iverson 1991; Ceballos et al. 2013; Legler and Vogt 2013,
Kinosternon_dunni,15.53333333,17.66666667,Iverson et al. 2012 CBFTT,
Kinosternon_durangoense,13.69,17.25666667,Iverson 1989; Ceballos et al. 2013; Iverson et al. 2018,
Kinosternon_flavescens,12.34275,13.4925,Iverson 1989; Ceballos et al. 2013; Brown et al. 2020,
Kinosternon_herrerai,15.1,16.94666667,Carr and Mast 1988; Legler and Vogt 2013,
Kinosternon_hirtipes,14.705,16.97,Turtle Taxonomy Working Group 2021,
Kinosternon_integrum,17.3475,19.805,Macip-Ríos et al. 2009; Ceballos et al. 2013; Legler and Vogt 2103,
Kinosternon_leucostomum,18.88333333,20.25,Turtle Taxonomy Working Group 2021,
Kinosternon_oaxacae,14.45,16.65,Iverson 1986; Ceballos et al. 2013,
Kinosternon_scorpioides,16.005,16.62,Turtle Taxonomy Working Group 2021,
Kinosternon_sonoriense,16.0025,15.4975,Turtle Taxonomy Working Group 2021,
Kinosternon_steindachneri,10.6,11.4,Meshaka et al. 2017 CBFTT,
Kinosternon_subrubrum,10.77,10.53,Turtle Taxonomy Working Group 2021,
Kinosternon_vogti,8.9,10.2,López-Luna et al. 2018,
Sternotherus_carinatus,12.79666667,15.08,Iverson 2002; Lindeman 2008 CBFTT,
Sternotherus_depressus,10.66,9.216666667,Dodd 2008 CBFTT,
Sternotherus_intermedius,10.8,11.6,"Scott and Iverson, unpubl. data",
Sternotherus_minor,14.8975,11.53375,Camp 1986; Enge and Foster 1986; Zappalorti and Iverson 2006,
Sternotherus_odoratus,11.15333333,10.88666667,Ewert 2005; Ernst and Lovich 2009,
Sternotherus_peltifer,12.4,12.6,"Scott, unpubl. data",
Claudius_angustatus,13.7275,14.855,Iverson and Berry 1980; Ceballos et al. 2013; Legler and Vogt 2013,
Staurotypus_salvinii,17.9,16.45,"Legler and Vogt 2013; Smith and Smith (1980) and Dean and Bickham (1983) cite ca. 25 cm as maximum, but without documentation ",
Staurotypus_triporcatus,34.41,31.89666667,Legler and Vogt 2013,
Chrysemys_dorsalis,15.6,11.5,Carr 1952; Ernst and Lovich 2009,
Chrysemys_picta,21.74333333,19.36666667,Turtle Taxonomy Working Group 2021,
Graptemys_gibbonsi,29.5,14.1,Lovich et al. 2009 CBFTT,
Graptemys_pearlensis,29.5,12.1,Ennen et al. 2018 CBFTT,
Graptemys_pseudogeographica,27.41666667,14.93333333,Turtle Taxonomy Working Group 2021,
Pseudemys_floridana,39.7,31.6,Ernst and Lovich 2009; Powell et al. 2016,
Pseudemys_gorzugi,38.6,26.65,Legler and Vogt 2013; Pierce et al. 2016 CBFTT,
Pseudemys_peninsularis,34.45,27.95,Thomas and Jansen 2006,
Pseudemys_rubriventris,36.85,31.2,Graham 1991; Ernst and Lovich 2009,
Pseudemys_texana,33,25.3,Killebrew and Porter 1989b; Ceballos et al. 2013,
Trachemys_adiutrix,25.1,18.6,Ernst et al. 2010,
Trachemys_callirostris,32,28.4,Turtle Taxonomy Working Group 2021,
Trachemys_decorata,34.1,21.9,Seidel and Inchaustegui Miranda 1984; Seidel 1988; Ceballos et al. 2013,
Trachemys_decussata,34.43333333,24.9,Turtle Taxonomy Working Group 2021,
Trachemys_gaigeae,26.26666667,20.56666667,Stuart and Ward 2009 CBFTT,
Trachemys_grayi,54.8,29.6,Turtle Taxonomy Working Group 2021,
Trachemys_hartwegi,30.8,14.9,Legler 1990; Stuart and Ward 2009 CBFTT,
Trachemys_medemi,28.1,19.8,Ceballos and Brand 2014; Vargas-Ramirez et al. 2017,
Trachemys_nebulosa,36.05,32.5,Turtle Taxonomy Working Group 2021,
Trachemys_ornata,38.7,35.05,Legler 1990; Legler and Vogt 2013,
Trachemys_stejnegeri,27.53333333,21.8,Turtle Taxonomy Working Group 2021,
Trachemys_taylori,21.8,17.9,Legler 1990; Ceballos et al. 2013; Legler and Vogt 2013,
Trachemys_venusta,43.2,34.55,Turtle Taxonomy Working Group 2021,
Trachemys_yaquia,30.9,26.8,Legler 1990; Ceballos et al. 2013; Legler and Vogt 2013,
Actinemys_marmorata,18.44333333,20.65,Lubcke and Wilson 2007; Bury and Germano 2008 CBFTT; Ernst and Lovich 2009,
Actinemys_pallida,16.4,17.9,Germano and Riedle 2015,
Clemmys_guttata,12.42,12.28333333,Klemens 1993; Graham 1995; unsexed: Taylor 1991,
Emydoidea_blandingii,23.11333333,25.71333333,Blasus et al. 2004; Congdon et al. 2008 CBFTT; Ceballos et al. 2013,
Emys_orbicularis,19.87666667,17.98,Turtle Taxonomy Working Group 2021,
Emys_trinacris,16.35,15.4,"Fritz et al. 2006d; Ceballos et al. 2013; Ottonello, unpubl. Data",
Terrapene_carolina,18.3,21.2,Ernst and Lovich 2009,
Terrapene_coahuila,16.03666667,17.75,Howeth and Brown 2011 CBFTT,
Terrapene_nelsoni,14.9,15.9,Turtle Taxonomy Working Group 2021,
Terrapene_ornata,16.13333333,15.7,Ernst and Lovich 2009; Legler and Vogt 2013,
Platysternon_megacephalum,19.52,22.795,Turtle Taxonomy Working Group 2021,
Batagur_affinis,62.5,50.2,Turtle Taxonomy Working Group 2021,
Batagur_baska,59.33333333,49.73333333,Moll et al. 2009 CBFTT; Praschag and Singh 2019 IUCN,
Batagur_borneoensis,68,42.5,DeRooij 1915; Bonin et al. 2006; Ernst et al. 2006b; Itescu et al. 2014,
Batagur_dhongoka,47,26,Shrestha 1997; Ceballos et al. 2013,
Batagur_kachuga,56,29,Praschag et al. 2019 IUCN,
Batagur_trivittata,60,46,Smith 1931; Platt et al. 2019b,
Geoclemys_hamiltonii,40.5,39.2,Rashid and Swingland 1997; Das and Bhupathy 2010 CBFTT; Baruah et al. 2012,
Hardella_thurjii,57.83333333,19.63333333,Rashid and Swingland 1997; Das and Bhupathy 2009a CBFTT; Baruah et al. 2012,
Malayemys_khoratensis,20.6,15.5,Sumontha et al. 2016; Ihlow et al. 2016,
Malayemys_macrocephala,20.46666667,14.55666667,Dawson et al. 2018 CBFTT; Ihlow et al. 2016,
Malayemys_subtrijuga,22,18.33333333,Platt et al. 2008,
Morenia_ocellata,22.45,15.25,Das 2010 CBFTT,
Pangshura_smithii,24,11.25,Turtle Taxonomy Working Group 2021,
Pangshura_sylhetensis,21,9.8,"Das et al. 2010 CBFTT; Baruah et al. 2012, 2016",
Pangshura_tecta,28.15,24.4,Agarwal et al. 1986,
Pangshura_tentoria,25.55,14,Turtle Taxonomy Working Group 2021,
Siebenrockiella_crassicollis,20,20.3,Le 2007; Itescu et al. 2014,
Siebenrockiella_leytensis,21.2,29.9,Diesmos et al. 2012 CBFTT,
Cuora_amboinensis,25,23.3,Turtle Taxonomy Working Group 2021,
Cuora_aurocapitata,19.5,13.5,Turtle Taxonomy Working Group 2021,
Cuora_bourreti,20.8,19.4,"Hagen, unpubl. Data",
Cuora_cyclornata,35,26,Turtle Taxonomy Working Group 2021,
Cuora_flavomarginata,18.01666667,17.45,Turtle Taxonomy Working Group 2021,
Cuora_galbinifrons,20.4,18.6,"Itescu et al. 2014; Iverson, unpubl. data",
Cuora_mccordi,19.5,18.4,"Ceballos et al. 2013; Blanck, unpubl. data",
Cuora_mouhotii,23.7,25.7,Turtle Taxonomy Working Group 2021,
Cuora_pani,17.75,12.9,"Song 1984; Ernst and McCord 1987; Blanck, unpubl. data",
Cuora_picturata,19.2,18.9,"Itescu et al. 2014; Blanck, unpubl. data",
Cuora_trifasciata,23.15,20.1,Turtle Taxonomy Working Group 2021,
Cuora_yunnanensis,19,15.2,"Blanck et al. 2006b; Blanck, unpubl. data",
Cuora_zhoui,22.3,17,"Blanck, unpubl. data",
Cyclemys_atripons,23,19.3,"Fritz et al. 2008b; Iverson, unpubl. data",
Cyclemys_dentata,21,19.6,"Fritz et al. 2008b; Iverson, unpubl. data",
Cyclemys_fusca,26.9,22.5,"Iverson, unpubl. data",
Cyclemys_gemeli,23.2,19,Praschag et al. 2009b; Baruah et al. 2012,
Cyclemys_oldhamii,26,24.1,Fritz et al. 2008b; Seateun et al. 2019,
Cyclemys_pulchristriata,22.7,17.5,Fritz et al. 2008b,
Geoemyda_japonica,17,15.1,"Vetter and van Dijk 2006; Itescu et al. 2014; Ota, unpubl. data",
Geoemyda_spengleri,12.8,10.9,"Fan 1931; Pham et al. 2018, unpubl. Data",
Heosemys_annandalii,42,47.23,Cox et al. 1998; Platt et al. 2008; Ceballos et al. 2013,
Heosemys_depressa,25.9,28.3,Platt et al. 2010; Ceballos et al. 2013,
Heosemys_grandis,34.6,48,Bonin et al. 2006; Iverson and McCord 2006; Le 2007,
Heosemys_spinosa,20.1,27.5,Goetz 2007,
Leucocephalon_yuwonoi,22.5,26.4,Ives et al. 2008; Hagen et al. 2009 CBFTT,
Mauremys_annamensis,28.5,21,McCormack et al. 2014 CBFTT,
Mauremys_caspica,25,23,Fritz and Wischuf 1997; Yazarloo et al. 2017,
Mauremys_japonica,19.89,16.205,Iverson and McCord 1994; Ceballos et al. 2013; Itescu et al. 2014,
Mauremys_leprosa,22.25,19.25,Turtle Taxonomy Working Group 2021,
Mauremys_mutica,19.23333333,19.3,Turtle Taxonomy Working Group 2021,
Mauremys_reevesii,23.97333333,18.91666667,"Lovich et al. 2011 CBFTT; Iverson, unpubl. data",
Mauremys_sinensis,26.84666667,19.68333333,McCord and Iverson 1994,
Melanochelys_tricarinata,17.05,19.6,Baruah et al. 2012; Ceballos et al. 2013,
Melanochelys_trijuga,24.1,31.65,Turtle Taxonomy Working Group 2021,
Notochelys_platynota,33,28.35,Brophy and Ernst 2004,
Sacalia_bealei,15.6,14.1,Pope 1935; Iverson and McCord 1992; Lin et al. 2018b,
Sacalia_quadriocellata,14.53333333,13.3,Iverson and McCord 1992; de Bruin and Artner 1999; Ceballos et al. 2013,
Vijayachelys_silvatica,17,13.4,Whitaker and Vijaya 2009; Deepak et al. 2014 CBFTT,
Rhinoclemmys_annulata,21.5,20.2,Ernst 1978; Giraldo et al. 2012,
Rhinoclemmys_areolata,20.65,19.7,Ernst 1980a; Vogt et al. 2009 CBFTT,
Rhinoclemmys_diademata,27.05,18.7,Pritchard and Trebbau 1984; Rivas et al. 2007,
Rhinoclemmys_funerea,31.85,32.5,"Ernst 1980b; Acuña-Mesén and Moll, unpubl. data",
Rhinoclemmys_melanosterna,29.7,26.2,"Páez and Block, unpubl. data",
Rhinoclemmys_nasuta,22.4,19.6,Carr and Giraldo 2009 CBFTT,
Rhinoclemmys_pulcherrima,22.75,19.1,Turtle Taxonomy Working Group 2021,
Manouria_emys,58,60,Turtle Taxonomy Working Group 2021,
Manouria_impressa,33.05,28.6,Chan-ard et al. 1996; Mital et al. 2020,
Gopherus_agassizii,31.1,31.45,Berry and Murphy 2019 CBFTT,
Gopherus_berlandieri,18.552,20.7865,Rose and Judd 2014,
Gopherus_evgoodei,26.1,25.5,"Karl, unpubl. data",
Gopherus_flavomarginatus,38.03,33.725,"Legler and Vogt 2013; McCoy et al. 2014; Wiese and Hillard, Turner Endangered Species Fund, unpubl. data",
Gopherus_morafkai,32,31.4,"Averill-Murray et al. 2002; Arizona Game and Fish Dept., unpubl. data",
Gopherus_polyphemus,34.85333333,33.24333333,Mushinsky et al. 2006; Mrykalo et al. 2016; Bohlman et al. 2019,
Aldabrachelys_gigantea,101,130.5,Turtle Taxonomy Working Group 2021,
Astrochelys_radiata,35.86666667,39.5,Pedrono 2008; Leuteritz and Ganz 2013; Pedrono and Smith 2013,
Chelonoidis_carbonarius,44.2,60,Pritchard 1980; Vinke and Vinke 1999; Vinke et al. 2008; Itescu et al. 2014,
Chelonoidis_chilensis,35.4,23.9,Freiberg 1973; Ernst 1998; Fritz et al. 2012a,
Chelonoidis_denticulatus,73.1,82,Pritchard and Trebbau 1984; Sajdak and Molina 1991,
Chelonoidis_niger,122,135.8,Turtle Taxonomy Working Group 2021,
Chersina_angulata,21.23333333,28,Hofmeyr 2009 CBFTT; Ceballos et al. 2013,
Chersobius_boulengeri,11,10,Boycott and Bourquin 2000,
Chersobius_signatus,11,9.6,Loehr et al. 2006; Ceballos et al. 2013,
Chersobius_solus,11.4,9.6,Schleicher 2004; Branch 2007,
Cylindraspis_indica,50,117,Bour 1985; Bour et al. 2014,
Cylindraspis_inepta,76,104,Bour 1985; Bour et al. 2014,
Cylindraspis_peltastes,41,46,Bour 1985; Bour et al. 2014,
Cylindraspis_vosmaeri,80,109,Taffortet 1726; Milne-Edwards 1875; Bour 1985; Bour et al. 2014,
Geochelone_elegans,35.85,20.85,Frazier in Moll 1989; Vyas 2011; de Silva et al. 2017; D’Cruze et al. 2018 CBFTT,
Geochelone_platynota,32.3,21.13333333,Platt et al. 2011 CBFTT; Platt et al. 2019a,
Homopus_areolatus,12,10,Boycott and Bourquin 2000; Ceballos et al. 2013,
Homopus_femoralis,15.83333333,11.96666667,Boycott and Bourquin 2000,
Indotestudo_elongata,29.66666667,35.66666667,Senneke 2006; Ceballos et al. 2013; Ihlow et al. 2016 CBFTT; Khin Myo Myo and Platt 2016,
Indotestudo_forstenii,23.62,27.68666667,Ernst et al. 2006b; Ives et al. 2008; Itescu et al. 2014,
Indotestudo_travancorica,29.5,32.3,Deepak et al. 2011 CBFTT; Ceballos et al. 2013,
Kinixys_erosa,27.95,36.15,Maran 2006c; Luiselli and Diagne 2014 CBFTT,
Kinixys_homeana,24.05,23.1,Luiselli and Diagne 2013 CBFTT; Segniagbeto et al. 2015,
Kinixys_lobatsiana,18.9,16.73333333,Boycott and Bourquin 2000; Ceballos et al. 2013,
Kinixys_natalensis,16.4,13,Bourquin 1992; Boycott and Bourquin 2000; Ceballos et al. 2013,
Kinixys_nogueyi,28.7,28.3,"Luiselli and Segniagbeto, unpubl. Data",
Kinixys_spekii,20.26666667,17.73333333,Boycott and Bourquin 2000; Boycott 2001,
Kinixys_zombensis,23,23,Turtle Taxonomy Working Group 2021,
Malacochersus_tornieri,17.82,17.02,Mwaya et al. 2018 CBFTT,
Psammobates_geometricus,16.5,12.3,Baard 1995; Ernst et al. 2006b; Itescu et al. 2014,
Psammobates_oculifer,14.7,11.8,Boycott and Bourquin 2000; Itescu et al. 2014,
Psammobates_tentorius,14.53,11,Turtle Taxonomy Working Group 2021,
Pyxis_arachnoides,15.7,14.4,Turtle Taxonomy Working Group 2021,
Pyxis_planicauda,15.9,14.1,Bloxam and Hayes 1991; Pedrono and Smith 2013,
Stigmochelys_pardalis,57.925,50.7,Lambert 1995; Lambert et al. 1998; Boycott and Bourquin 2000,
Testudo_kleinmanni,13.09333333,10.33,Farkas et al. 1997; Perälä 2001; Itescu et al. 2014,
Testudo_marginata,34.15,36,Bour 1996; Coutard 2006; Bringsøe et al. 2001; CCL: Ducotterd 1997,
Testudo_hermanni,30.35,27.2,Turtle Taxonomy Working Group 2021,
Carettochelys_insculpta,49.96666667,42.66666667,"Georges et al. 2006; Ceballos et al. 2013; Hall, unpubl. Data; Eisemberg et al. 2011",
Cyclanorbis_elegans,70,67.6,Gramentz 2008; Baker et al. 2015 CBFTT,
Cyclanorbis_senegalensis,35.5,18.7,Pritchard 2001; Gramentz 2008; McGovern et al. 2021 CBFTT [CCL],
Cycloderma_aubryi,50.7,40,Gramentz 1998; Maran 2006a,
Cycloderma_frenatum,49,46.5,Gray 1860a; Peters 1882; Gramentz 2008; Broadley and Sachsse 2011 CBFTT,
Amyda_ornata,54,65,Turtle Taxonomy Working Group 2021,
Apalone_spinifera,48.51,23.55333333, ,
Chitra_indica,85.36666667,60.66666667,Rashid and Swingland 1997; CCL: Das and Singh 2009 CBFTT,
Nilssonia_gangetica,86,77,Rashid and Swingland 1997; Pritchard 2001; Ernst et al. 2006b; Baruah et al. 2012,
Nilssonia_hurum,50.5,45.5,Rashid and Swingland 1997; Pritchard 2001; Das et al. 2010 CBFTT; Baruah et al. 2012,
Nilssonia_leithii,54.8,63.5,Moll and Vijaya 1986; Deepak and Vasudevan 2009; Das et al. 2014 CBFTT,
Nilssonia_nigricans,74,79.5,Smith 1931; Ahsan and Saeed 1989; Ahsan et al. 1991; CCL: Das 1995; Pritchard 2001; Ernst et al. 2006b,
Pelodiscus_variegatus,23,11.6,Farkas et al. 2019,
Rafetus_euphraticus,57,68,"Taskavak 1998; Pritchard 2001; Taskavak et al. 2016 CBFTT; Ghaffari, unpubl. Data",
Rafetus_swinhoei,109.5,86,Le and Pritchard 2009; Pritchard 2012,
Trionyx_triunguis,120,80,Herz and Rudolphi 2006; van Dijk et al. 2017 IUCN,
Batrachemys_heliostemma,31,31,(W P McCord et al. 2001),
Batrachemys_zuliae,27.9,20.8,(P C H Pritchard and Trebbau 1984; P. C. H.  Pritchard 1987; Bonin et al. 2006),
Terrapene_yucatana,15.5,16,"Buskirk, 1994",
Cuora_yunnanesis,17.5,12.6,"Blanck, 2005",
Kachuga_dhongoka,48,25.5,"Gibbons & Lovich, 1990; Das, 1991",
Kinosternon_arizonense,15.105,16.33,"Iverson, 1989; Gibbons & Lovich, 1990",
Pelomedusa_subrufa,29.15,32.5,"Boycott & Bourquin, 2008",
Agrionemys_horsfieldii,19.3,15.26,"Bonnet et al., 2001",
Chelonoidis_denticulata,46,54.1,"Pritchard & Trebbau, 1984; Moskovits, 1988; Stevenson et al., 2007",
Eurotestudo_hermanni,21.7,19.35,"Willemsen & Hailey, 1999; Ernst et al., 2007",
Homopus_bergeri,10.5,8.8,"Schleicher & Loehr, 2001",
Homopus_boulengeri,11,9,"Boycott & Bourquin, 2000; Bonin et al., 2006",
Homopus_signatus,11,9.125,"Loehr, 2004; Loehr et al., 2006",
Kinixys_belliana,21.85,21.3,"Boycott & Bourquin, 2000",
Psammobates_oculiferus,14.3,11.8,"Boycott & Bourquin, 2000; Bonin et al., 2006",
Testudo_werneri,13.1,10.6,"Bonin et al., 2006",
Chitra_chitra,98.5,97,"Kitimasak et al., 2003",
Cryptochelys_acuta,9.7,9.3,"(Iverson, 1991; Legler & Vogt, 2013)",
Cryptochelys_angustipons,10.39,9.4,"(Iverson, 1991)",
Cryptochelys_creaseri,10.68,11.34,"(Iverson, 1991)",
Cryptochelys_dunni,14.43,16.22,"(Iverson, 1991; Medem, 1962); Forero-Medina and Rentería-Moreno unpublished",
Cryptochelys_herrerai,12.36,13.82,"(Iverson, 1991; Legler & Vogt, 2013)",
Cryptochelys_leucostoma,14.42,15.54,"(Legler & Vogt, 2013) ",
Mesoclemmys_heliostemma,31,31,Bonin et al. 2006 ,
Macrochelodina_burrungandjii,27.13,22.02,Thomson et al. 2000,
Macrochelodina_expansa,38.2,32.8,Cann and Legler 1994,
Macrochelodina_rugosa,30.39,25.74,"Thomson et al. 2000, Cann 1998",
Wollumbinia_georgesi,21.7,17.2,Allanson and Georges 1999,
Wollumbinia_latisternum,29.1,22.7,Cann and Legler 1994,
Emydura_krefftii,25,20,Georges 1982,
Chelonia_agassizii,107,99,Marquez 1990,
Trachemys_emolli,37.2,29.6,Legler 1990,
Podocnemys_lewyana,50,36,Gallego-García and Castaño-Mora 2008,
Testudo_horsfieldi,19.3,15.26,Bonnet et al. 2001,
Geochelone_sulcata,57.8,79.7,Lambert 1993,
Chelonoidis_carbonaria,39.5,40.5,Moskovits 1988,
Chelonoidis_nigra,79.25,109.22,Vandenburgh 1914,
Psammobates_pardalis,65.4,65,Lambert 1995,
Testudo_boettgeri,24,24,Willemsen and Hailey 2003,
Testudo_ibera,24.8,24.6,Turkozan et al. 2005,
Testudo_buxtoni,16.1,19.3,Bonin et al. 2006,
Testudo_weissingeri,26,25,Willemsen and Hailey 2003,
Acanthocercus_atricollis,11.41,12.67,Tan et al. 2021,
Agama_aculeata_aculeata,8.79,9.19,Tan et al. 2021,
Agama_aculeata_distanti,8.07,7.45,Tan et al. 2021,
Agama_anchietae,8.7,8.98,Tan et al. 2021,
Agama_armata,8.31,7.35,Tan et al. 2021,
Agama_atra,7.91,8.81,Tan et al. 2021,
Anolis_carolinensis,5.54,6.38,Wittorski et al. 2016,
Anolis_chloris,5.26,5.94,Wittorski et al. 2016,
Anolis_cristatellus,5.69,6.86,Wittorski et al. 2016,
Anolis_distichus,5.05,5.08,Wittorski et al. 2016,
Anolis_equestris,13.33,15.74,Wittorski et al. 2016,
Anolis_gundlachi,6.06,6.33,Wittorski et al. 2016,
Anolis_heterodermus,7.07,7.13,Wittorski et al. 2016,
Anolis_limifrons,3.92,3.76,Wittorski et al. 2016,
Anolis_lineatopus,4.4,5.16,Herrel et al. 2006,
Anolis_oculatus,5.52,7.01,Dufour et al. 2018,
Anolis_pulchellus,4.36,4.29,Wittorski et al. 2016,
Anolis_sagrei,4.2,5.67,Edwards & Lailvaux 2013,
Anolis_sheplani,3.74,3.86,Huyghe et al. 2007a,
Anolis_valencienni,6.3,7.09,Wittorski et al. 2016,
Bradypodion sp. (Morphotype A),4.53,4.82,da Silva et al. 2014,
Bradypodion sp. (Morphotype B),7.75,6.9,da Silva et al. 2014,
Bradypodion_caffer,5.75,6.2,Dollion et al. 2017,
Bradypodion_damaranum,6.52,6.55,Dollion et al. 2017,
Bradypodion_kentanicum,5.2,5.1,Dollion et al. 2017,
Bradypodion_melanocephalum,5.75,4.91,da Silva et al. 2014,
Bradypodion_nemorale,5.66,5.28,Dollion et al. 2017,
Bradypodion_occidentale,8.66,7.2,Dollion et al. 2017,
Bradypodion_pumilum,5.85,6.21,Dollion et al. 2017,
Bradypodion_setaroi,5.83,5.1,Dollion et al. 2017,
Bradypodion_sp.,4.89,4.63,Dollion et al. 2017,
Bradypodion_taeniabronchum,5.08,5.01,Dollion et al. 2017,
Bradypodion_thamnobates,6.84,6.1,Dollion et al. 2017,
Bradypodion_transvaalense,6.61,6.03,Dollion et al. 2017,
Bradypodion_ventrale,6.75,6.42,Dollion et al. 2017,
Crotaphytus_antiquus,8.83,10.04,Husack et al. 2006,
Dactyloa_frenata,8.89,11.46,Wittorski et al. 2016,
Elgaria_coerulea,9.23,8.83,McBrayer & Anderson 2007,
Gallotia_atlantica,6.34,9.11,Lopez-Darias et al. (2015),
Gallotia_bravoana,17.23,18.45,Lopez-Darias et al. (2015),
Gallotia_caesaris,8.46,9.69,Lopez-Darias et al. (2015),
Gallotia_galloti,9.33,11.34,Lopez-Darias et al. (2015),
Gallotia_intermedia,12.22,15.48,Lopez-Darias et al. (2015),
Gallotia_simonyi,19.61,23.65,Lopez-Darias et al. (2015),
Gallotia_stehlini,15.68,18.91,Lopez-Darias et al. (2015),
Karusasaurus_polyzonus,10.53,10.1,Broeckhoven & Mouton (2014),
Dalmatolacerta_oxycephala,5.29,5.84,Verwaijen et al. (2002),
Lacerta_trilineata,10.73,11.6,Sagonas et al. (2014),
Zootoca_vivipara,5.04,4.97,Herrel et al. 2001b,
Liolaemus_baguali,8.18,9.08,Cruz et al. 2021,
Liolaemus_bibronii,5.6,5.39,Cruz et al. 2021,
Liolaemus_canqueli,8.87,9.48,Cruz et al. 2021,
Liolaemus_celi,7.74,7.69,Cruz et al. 2021,
Liolaemus_coeruleus,6.33,6.15,Cruz et al. 2021,
Liolaemus_elongatus,6.88,7.28,Cruz et al. 2021,
Liolaemus_escachardosi,6.83,7.96,Cruz et al. 2021,
Liolaemus_fitzingeri,8.99,9.36,Cruz et al. 2021,
Liolaemus_hatcheri,5.91,5.99,Cruz et al. 2021,
Liolaemus_kingii,7.72,7.38,Cruz et al. 2021,
Liolaemus_kolengh,5.67,5.63,Cruz et al. 2021,
Liolaemus_lineomaculatus,5.55,5.78,Cruz et al. 2021,
Liolaemus_magellanicus,5.36,5.68,Cruz et al. 2021,
Liolaemus_mapuche,7.09,7.68,Cruz et al. 2021,
Liolaemus_poecilochromus,6.36,6.38,Cruz et al. 2021,
Liolaemus_petrophilus,7.96,8.43,Cruz et al. 2021,
Liolaemus_rothi,8.74,7.94,Cruz et al. 2021,
Liolaemus_scapularis,5.55,5.82,Cruz et al. 2021,
Liolaemus_scrocchii,8.7,9.04,Cruz et al. 2021,
Liolaemus_tenuis,5.19,5.3,Cruz et al. 2021,
Liolaemus_xanthoviridis,8.42,8.24,Cruz et al. 2021,
Liolaemus_zullyae,6.35,7.14,Cruz et al. 2021,
Norops_auratus,4.62,4.92,Wittorski et al. 2016,
Norops_humilis,3.52,3.51,Wittorski et al. 2016,
Ouroborus_cataphractus,10,10.5,Broeckhoven & Mouton (2014),
Phymaturus_tenebrosus,9.23,9.36,Cruz et al. 2021,
Podarcis bocagei,5,5.25,"Kaliontzopoulou et al.,2012",
Podarcis hispanicus,6.32,6.6,Herrel et al. 1996,
Podarcis_erhardii,6.58,6.85,Donihue et al. 2016,
Podarcis_melisellensis,5.7,6.54,Brecko et al. 2008,
Podarcis_muralis,5.56,5.63,Herrel et al. 2001b,
Sauromalus_ater,15.13,16.89,Lappin et al. 2006,
Uromastyx_aegyptia,22.43,20.54,Herrel et al. 2014,
Urosaurus_ornatus,5.06,4.94,Irschick & Meyers 2007,
Xenosaurus_grandis,11.25,10.98,Herrel et al. 2001a,
Xenosaurus_newmanorum,9.01,10.64,Herrel et al. 2001a,
Xenosaurus_platyceps,9.85,8.94,Herrel et al. 2001a,
Acanthodactylus_erythrurus,8.38,8.55,Castilla et al. 1992,
Agama_agama,32,30,Robert et al. 2020,
Agama_impalearis,12.5,13.4,Znari & El Mouden 1997,
Agkistrodon_piscivorus,82,91,Koons et al. 2009,
Alligator_mississippiensis,157.5,226,Woodward et al. 1995,
Amblyrhynchus_cristatus,32.1,41.3,Wikelski & Trillmich 1994,
Ameiva_erythrocephala,10.9,14,Kerr et al. 2006,
Amphibolurus_muricatus,9.3,9.8,Watt & Joss 2003,
Anolis_angusticeps,4.3,5.2,Schwartz & Thomas 1968,
Anolis_cupreus,4.41,4.9,Fleming & Hooker 1975,
Anolis_cybotes,6.6,7.7,Fobes et al. 1993,
Anolis_garmani,8.2,12.5,Siliceo-Cantero et al. 2016,
Anolis_mariarum,5.63,5.67,Rubio-Rocha et al. 2011,
Anolis_nebulosus,5.1,6.1,Anaya-Meraz & Escobedo-Galv·n 2020,
Anolis_schwartzi,4.6,5.3,Hensley et al. 2006,
Basiliscus_vittatus,19.4,25,van Devender 1978,
Boa_constrictor,285,223,Bertona & Chiaraviglio 2003,
Caiman_latirostris,98,93,Leiva et al. 2017,
Cerberus_schneiderii,96,96,Herlambang et al. 2022,
Chlamydosaurus_kingii,23.5,29,Bedford et al. 1993,
Christinus_marmoratus,4.7,5,Kearney et al. 2001,mean SVL
Coluber_constrictor,133,131.7,Rosen 1991,
Crocodylus_acutus,184.5,224,Briggs-Gonzalez 2021,
Crocodylus_johnstoni,99.8,129.6,Tucker et al. 2007,
Crocodylus_moreletii,116,155,Barrios-Quiroz et al. 2012,
Crotalus_horridus,128,140,Gibbons 1972,
Crotalus_viridis,101.1,126.9,Ashton 2001,
Ctenosaura_bakeri,22,30,Pasachnik et al. 2012a,
Ctenosaura_melanosterna,27.4,32.2,Pasachnik et al. 2012b,
Ctenosaura_oedirhina,20.18,31.5,Pasachnik 2012,
Cyclura_cychlura,47.7,62,Knapp et al. 2006,
Cyclura_nubila,37,52,Beovides-Casas & Mancina 2006,
Elaphe_obsoleta,151.6,177.4,Stickel et al. 1980,
Elaphe_quadrivirgata,93.8,107.4,Tanaka & Ota 2002,
Emydocephalus_annulatus,80,69.5,Shine & Goiran 2021,
Emydocephalus_ijimae,78.5,85.5,Masunaga & Ota 2003,
Gehyra_variegata,5.6,5.4,Bustard 1965,
Geochelone_elephantopus,117,154,Schafer & Krekorian 1983,
Grayia_smythii,98,84,Akani & Luiselli 2001,
Hemidactylus_turcicus,6,5.8,Saenz & Conner 1996,
Heteronotia_binoei,4.5,4.3,Zozaya et al. 2019,
Holbrookia_maculata,5.7,6.1,Gennaro  1974,
Iberolacerta_aranica,6.688,6.18,Arribas 2001,
Lacerta_agilis,9.45,8.34,Candan 2021,
Lacerta_viridis,114.3,114.9,B¸lb¸l et al. 2023,
Lapemis_hardwickii,120,126,Ward 2001,
Lygosoma_laterale,5.1,4.6,Brooks 1967,
Meroles_anchietae,4.7,5.2, Eifler et al. 2020,
Meroles_cuneirostris,58,68,Childers & Eifler 2015,
Morelia_viridis,142,160,Natusch & Lyons 2014,
Natrix_natrix,88,70,Borczyk 2007,
Nerodia_rhombifer,102.5,76.5,Greenwood  2021,
Nerodia_sipedon,90,72,Weatherhead et al. 1995,
Nerodia_taxispilota,133,97,Mills 2002,
Opheodrys_aestivus,61.8,49.4,Plummer 1997,
Phelsuma_madagascariensis,9.16,10.5,Ikeuchi et al. 2005,
Phrynosoma_cornutum,113.3,99.2,Hughes et al. 2019,
Podarcis_bocagei,63.2,6.57,Galan 1997,
Podarcis_sicula,6.19,9,Vervust et al. 2007,
Psammodromus_algirus,68.65,72.15,Carretero & Llorente 1997,
Rhabdophis_tigrinus,103.2,74.5,Blennerhassett et al. 2019,
Sceloporus_graciosus,53,56,Tinkle et al. 1993,
Sceloporus_jarrovi,8.6,9.8,RamÌrez-Bautista et al. 2002,
Sceloporus_poinsetti,12.8,13.7,Webb  2008,
Sceloporus_scalaris,7,7,Cruz-Elizalde et al. 2022,
Sceloporus_undulatus,7.6,7,Haenel & John-Alder 2002,
Sceloporus_virgatus,7.43,6.51,Abell 1998,
Stegonotus_cucullatus,108,144.1,Trembath et al. 2009,
Storeria_dekayi,34,28,King 1997,
Tarentola_annularis,9.8,15.3,Akef 2023,
Tarentola_boettgeri,7.5,6.1,Piquet et al. 2022,
Tarentola_mauritanica,6.3,7.07,Cencetti et al. 2011,
Thamnophis_marcianus,71,47.5,Jackson et al. 2015,
Thamnophis_radix,76,63.5,Tuttle 2007,
Thamnophis_sauritus,77.7,68,Langford et al. 2011,
Trimeresurus_stejnegeri,53.2,49.84,Tsai & Tu 2000,
Tropidurus_albemarlensis,8,9.9,Stebbins et al. 1967,
Tropidurus_hispidus,8.9,12.4,Vitt et al. 1996,
Tropidurus_itambere,7.9,9.1,Sluys 1998,
Tropidurus_torquatus,101,124,Pinto et al. 2005,
Underwoodisaurus_milii,9.65,9.18,Liao 2022,
Uta_stansburiana,5.8,6.4,Parker & Pianka 1975,
Varanus_albigularis,62,77,Phillips 1995,
Varanus_salvator,77,91,Shine et al. 1996,
Vipera_aspis,66,57.5,Mebert et al. 2017,
Vipera_berus,53.5,57.5,Mebert et al. 2017,
Acritoscincus_duperreyi,7.9,7.7,Dissanayake Mudiyanselage  2022,
Caiman_crocodilus,99,145.5,Thorbjarnarson 1994,
Caiman_yacare,90,114,Campos et al. 2014,
Crocodylus_intermedius,678,345,Thorbjarnarson and Franz 1987,total length
Drymarchon_couperi,156,191,Hyslop et al. 2009,
Eulamprus_heatwolei,11,9.1,Morrison et al. 2002,
Eulamprus_tympanum,8.3,8.3,Doughty et al. 2003,mean SVL
Gambelia_wislizenii,11.2,10.2,Mitchell 1984,
Iberolacerta_aurelioi,6.221,6.525,Arribas & Gal·n 2005,
Intellagama_lesueurii,23,30.4,Thompson 1993,
Lacerta_monticola,7.9,7.65,R˙a & Gal·n 2003,
Niveoscincus_ocellatus,85,81,Wapstra 1997,
Pituophis_melanoleucus,134,144,Johnson & Main 2005,
Podarcis_hispanica,6,6.1,Sampedro et al. 2008,
Sistrurus_catenatus,71.5,77.8,Dreslik et al. 2017,
Sistrurus_miliarius,39,41.5,Maag & Greene 2023,
Thamnophis_scalaris,50,48,Manjarrez et al. 2007,
Thamnophis_proximus,76,63,Ford & Hampton 2009,
Vipera_ursinii,43.5,42.7,FerriËre et al. 1996,
Xenochrophis_piscator,71.4,55.5,Zug et al. 2006,
Achalinus_spinalis,47.7,33.5,Yamaski_Mori_2017,
Alsophis_rufiventris,108,81,Hughes_et_al_2009,
Alsophis_sibonius,108,81,Hughes_et_al_2009,
Anolis_quercorum,4.4,4.6,Reptile_Database,
Aspidelaps_lubricus,69,65.5,Broadley_Baldwin_2006,
Asthenodipsas_laevis,49.2,25.7,Chanard_et_al_2015,
Atractus_elaps,38.2,34.5,King_1989,
Atractus_marthae,34.6,30.7,Menses_Pelayo_Passos_2019,
Atractus_paraguayensis,49,37.5,Reptile_Database,
Atractus_torquatus,68.3,52.5,Passos_Prudente_2012,
Boiga_forsteni,126,146,Smith_1943,
Boiga_kraepelini,101.2,102.3,Ziegler_et_al_2010,
Boiga_multomaculata,80,61,Smith_1943,
Boiga_ochracea,88.5,81.5,Smith_1943,
Boiga_trigonata,81,68.5,Smith_1943,
Bothrops_alternatus,130,88.4,Nunes_et_al_2010,
Bothrops_bilineatus,84,55.5,Llanqui_et_al_2019,
Bothrops_jararacussu,157.5,97,Silva_et_al_2020,
Bungarus_candidus,91.2,130.3,Hodges_et_2021,
Calliophis_intestinalis,35.5,16,Chanard_et_al_2015,
Calloselasma_rhodostoma,89.2,68.9,Kadafi_et_al_2018,
Candoia_superciliosa,88.5,54.6,Zug_2012,
Cerrophidion_godmani,43.1,48.9,Lopez_Luna_et_al_1999,
Chilabothrus_angulifer,223.3,158,Rodrigues_Cabrera_et_al_2016,
Chilabothrus_fordii,73,86,Henderson_Powell_2004,
Chironius_bicarinatus,90.3,103,Mareques_et_al_2009,
Chironius_grandisquamis,116,100.3,Goldberg_Bursey_2004,
Cnemidophorus_lemniscatus,7.8,9.3,Montgomery_et_al_2011a,
Coelognathus_helena,138.6,57.9,Parmar_Tank_2019,
Contia_longicaudae,36.9,33.3,Feldman_Hoyer_2010,
Corallus_grenadensis,155,149,Henderson_Powell_2004,
Crotalus_basiliscus,128,122.5,Goldberg_et_al_2005,
Crotalus_pyrrhus,85.4,99.1,Cochran_2019,
Cubophis_cantherigerus,128,93.7,Hedges_et_al_2009,
Cubophis_caymanus,128,93.7,Hedges_et_al_2009,
Cyrtodactylus_tripuraensis,8.11,6.5,Agrawal_et_al_2020,
Darevskia_portschinskii,5.78,5.66,Abramjan_et_al_2021,
Dendrophidion_vinitor,59.5,63.6,Goldberg_Bursey_2004,
Dipsas_pavonina,52,57,Lima_Prudente_2009,
Dolichophis_caspius,123.2,128,Frank_Dudas_2018,
Echinanthera_undulata,57,44,Gomes_Marques_2012,
Elaphe_quatuorlineata,172.2,141.8,Filippi_et_al_2005,
Elaphe_schrenckii,152.4,134.5,Lee_Park_2011,
Elapsoidea_sundevallii,57,71.6,Tolley_2020,
Erythrolamprus_jaegeri,48,39.6,Teixeira_et_al_2020,
Erythrolamprus_mimus,58,55.3,Pizzatto_et_al_2008,
Erythrolamprus_ornatus,58.3,52,Williams_et_al_2016,
Eunectes_notaeus,33.5,25.5,Waller_et_al_2007,
Ficimia_publia,34,41.5,Hardy_1975,
Gehyra_dubia,7,6.9,Phongkangsananan_et_al_2014,
Gloydius_ussuriensis,53.2,58,Kim_Oh_2014,
Gonatodes_machelae,3.33,3.38,Rivero_Blanco_Schargel_2020,
Gonionotophis_grantii,34.7,44,Trape_et_al_2018,
Gonionotophis_klingi,34.7,44,Trape_et_al_2018,
Gonyosoma_prasinum,82,77.5,Luu_et_al_2020,
Gracililima_nyassae,52,45.8,Trape_et_al_2018,
Helicops_carinicaudus,99,48.5,Pontes_et_al_2008,
Helicops_danieli,80,45.7,Rossman_ND,
Hemachatus_haemachatus,102,102,Shine_et_al_2007,
Hierophis_viridiflavus,94.6,110.1,Fornasiero_et_al_2007,
Hydrodynastes_gigas,236,158.5,Lopez_Giraudo_2004,
Hydrophis_atriceps,91.5,100,Reptile_Database,
Hypsiglena_chlorophaea,53.2,38.2,Weaver_2010,
Hypsiglena_torquata,50.3,36.8,Goldberg_2001,
Hypsirhynchus_ater,85,83,Hughes_et_al_2009,
Hypsirhynchus_ferox,85,83,Hughes_et_al_2009,
Hypsirhynchus_funereus,85,83,Hughes_et_al_2009,
Ialtris_dorsalis,99,90.5,Hughes_et_al_2009,
Ialtris_haetianus,99,90.5,Hughes_et_al_2009,
Lampropeltis_pyromelana,71.2,94.5,Hansen_2005,
Laticauda_laticaudata,96,80,Reptile_Database,
Laticauda_semifasciata,119,80.5,Reptile_Database,
Leptophis_coeruleodorsus,93.3,84.3,Murphy_et_al_2013,
Limaformosa_capensis,50,31.1,Trape_et_al_2018,
Limaformosa_crossi,50,31.1,Trape_et_al_2018,
Limaformosa_guirali,50,31.1,Trape_et_al_2018,
Liolaemus_azarai,4.87,5.43,Gonzalez_Marin_Hernando_2013,
Liopeltis_calamaria,29,22.7,Smith_1943,
Lycodon_fasciatus,61.3,69.6,Neang_et_al_2014,
Lycodon_semicarinatus,102,161,Matsumoto_Mori_2021,
Lycodon_subcinctus,82,71,Smith_1943,
Lycodon_travancoricus,46.3,54.6,Ganesh_et_al_2020,
Lycophidion_depressirostre,35,27.488,Hoevers_Johnson_1982,
Lygophis_anomalus,58.4,55,Panzera_Maneyro_2013,
Magliophis_exiguus,43.8,42.8,Hedges_et_al_2009,
Malpolon_insignitus,60,77,Rhadi_2017,
Malpolon_moilensis,54,52,Rhadi_2017,
Meizodon_semiornatus,51.8,39,Hoevers_Johnson_1982,
Micrurus_hemprichii,37.5,74,Moore_et_al_2020,
Micrurus_spixii,120,84,Camper_et_al_2021,
Mochlus_sundevallii,7.86,7.74,Verdu_Ricoy_et_al_2021,
Myrrophis_chinensis,53.3,51.8,Huang_1997,
Natriciteres_fuliginoides,30.3,24.7,Luiselli_et_al_2006,
Natriciteres_variegata,25.5,21.9,Luiselli_et_al_2006,
Natrix_helvetica,96,74,Gregory_2004,
Oligodon_cyclurus,63,80,Smith_1943,
Opisthotropis_lateralis,47,47,"Luu_et_al_2020, Sy_2019",
Oxybelis_brevirostris,54.1,55.8,Montgomery_et_al_2011b,
Palusophis_bifossatus,163,145.5,Marques_Muriel_2007,
Pareas_hamptoni,48,45.3,Chanard_et_al_2015,
Pareas_margaritophorus,39.5,27,Smith_1943,
Phrynonax_polylepis,116.4,87.2,Angulo_Chavez_2017,
Platyceps_brevis,39.5,43,Schatti_Charvet_2003,
Porthidium_ophryomegas,62.2,54.6,Turcios_Casco_et_al_2020,
Prosymna_ambigua,14.6,16,Hoffmann_1990,
Prosymna_greigerti,26,36,Titus_McQuillan_2014,
Prosymna_pitmani,26,36,Titus_McQuillan_2014,
Prosymna_stuhlmanni,26,36,Titus_McQuillan_2014,
Psammophis_biseriatus,67.2,61.4,Cottone_Bauer_2009,
Psammophis_condanarus,37.5,55,Swamy_2021,
Psammophis_crucifer,43,37.1,Cottone_Bauer_2009,
Psammophylax_multisquamis,74.3,99.5,Keates_et_al_2019,
Psammophylax_rhombeatus,119.7,120,Keates_et_al_2019,
Psammophylax_variabilis,62,83.5,Keates_et_al_2019,
Pseudalsophis_dorsalis,95,102.5,Arteaga_et_al_2020,
Pseudoxenodon_macrops,82,93,Smith_1943,
Ptyas_multicincta,84.5,70,Snakes_of_Taiwan,
Python_curtus,150,145,Steubing_Inger_1999,
Python_molurus,342,286,Anderson_Secor_2015,
Rhabdophis_auriculatus,29.8,31,Das_et_al_2021,
Rhabdophis_chrysargos,83.7,55,Das_et_al_2021,
Rhabdophis_himalayanus,94,66,Das_et_al_2021,
Rhabdophis_plumbicolor,64.8,53.4,Das_et_al_2021,
Rhabdophis_rhodomelas,53.2,46.9,Das_et_al_2021,
Rhabdophis_subminiatus,78.5,72,Das_et_al_2021,
Rhinophis_philippinus,25.26,16.55,Huntley_et_al_2021,
Scaphiodontophis_annulatus,50.5,39,Smith_1994,
Scincella_vandenburghi,5.37,4.88,Chen_et_al_2010,
Sibynophis_collaris,52.5,40.6,Smith_1973,
Sonora_aemula,33.6,30.5,Zweifel_Norris_1955,
Sonora_palarostris,30.9,28.3,Rosen_et_al_1996,
Stegonotus_guentheri,68.3,99.6,Kaiser_et_al_2019,
Stegonotus_heterurus,57.5,63.3,Kaiser_et_al_2019,
Stegonotus_modestus,54.2,91.5,Kaiser_et_al_2019,
Stenorrhina_degenhardtii,65,69.6,Smith_1994,
Storeria_victa,22.8,19.2,King_1989,
Takydromus_hsuehshanensis,7.2,7.2,Huang_1998,
Tantilla_relicta,19.4,19,Telford_1980,
Tantilla_wilcoxi,29.8,26.1,Ansel_et_al_2004,
Thamnodynastes_chaquensis,61.9,59,Bellini_et_al_2014,
Thamnodynastes_lanei,43.1,43.8,Zaher_2021,
Thamnodynastes_strigatus,79.5,79.6,Zaher_2021,
Thamnophis_scaliger,43.9,38,Feriche_et_al_2011,
Trimeresurus_popeiorum,70.9,75.8,Vogel_et_al_2004,
Trimeresurus_puniceus,57.7,67.8,David_et_al_2006b,
Trimeresurus_purpureomaculatus,76,54,Reptile_Database,
Trimorphodon_tau,87,65,Hansen_2005,
Tropidodryas_serra,113.1,96,Stender_Oliveira_et_al_2016,
Tropidodryas_striaticeps,97.4,78.6,Stender_Oliveira_et_al_2016,
Tropidonophis_multiscutellatus,71,58.3,Malnate_Underwood_1988,
Tropidophis_haetianus,55.2,53.4,Hedges_2002,
Tropidophorus_murphyi,9.63,8.51,Hikida_et_al_2002,
Varanus_prasinus,28.6,29.5,de_Buffrenil_et_al_2005,
Xenodermus_javanicus,40,42,Smith_1943,
Xenodon_neuwiedii,77.5,73,Pizzatto_et_al_2008,
Xylophis_captaini,58,48,Smith_1943,
Zamenis_situla,75,99.5,Polyakova_et_al_2019,